0;0;0;0;0
0;0;0;0;0
0;0;0;0;0
0;0;0;0;0
0;0;0;0;0
0;0;0;0;0
0;0;0;0;0
0;0;0;0;0
0;0;0;0;0
0;0;0;0;0
0;0;0;0;0
0;0;0;0;0
0;0;0;0;0
0;0;0;0;0
0;0;0;0;0
0;0;0;0;0
0;0;0;0;0
0;0;0;0;0
0;0;0;0;0
0;0;0;0;0
0;0;0;0;0
0;0;0;0;0
0;0;0;0;0
0;0;0;0;0
0;0;0;0;0
0;0;0;0;0
0;0;0;0;0
0;0;0;0;0
0;0;0;0;0
0;0;0;0;0
12.16452506;11.65631829;162.9725386;17.13205073;91.7292491
11.30253416;10.75155245;163.2759539;16.91632583;91.86142381
11.33561073;10.75111137;163.7198153;16.67603068;91.7292491
12.142363;11.4867862;164.1805957;16.62695574;91.59707439
13.22492007;12.50712111;164.5082757;16.68836236;91.39881232
14.37174611;13.60534451;164.8088538;16.59974558;91.20055026
15.17220995;14.3816891;164.799697;16.57423731;91.00228819
15.47937785;14.6850439;164.3541907;16.47987252;90.87011348
15.43467812;14.6547167;163.9315027;16.26776846;90.67185141
15.3469748;14.60344279;163.3284621;16.10985407;90.34141464
15.36294564;14.66033799;162.9341629;15.99665241;89.94489051
15.53777906;14.88173518;162.4118398;15.8871025;89.41619166
15.62240516;14.99871106;162.1899517;15.79517644;89.01966753
15.43269882;14.83066619;161.8057363;15.77865502;88.88749282
15.20288549;14.60063906;161.6484892;15.77258831;88.95358018
15.1784896;14.53961517;161.486695;15.77822298;89.08575489
15.38198409;14.68981405;161.3838314;15.90281932;89.28401695
15.64651797;14.90580436;161.0946687;15.88463563;89.54836638
16.02931522;15.22322296;161.1002105;15.88405286;89.61445373
16.19234517;15.40413778;161.1171914;15.80523313;89.54836638
16.4151516;15.63101557;161.1594898;15.74037048;89.48227902
16.49680845;15.69398209;161.1980588;15.60809661;89.54836638
16.49654436;15.62117245;161.1512306;15.68106772;89.8127158
16.50112871;15.51994632;160.9824277;15.75493667;90.20923993
16.39280561;15.39328917;160.9405405;15.75046113;90.5396767
16.13935541;15.18497738;160.8818988;15.66597556;90.73793877
15.93090303;15.07118982;160.7110638;15.44733624;90.80402613
15.8588534;15.07084414;160.587735;15.21292883;91.06837555
16.09041545;15.29795231;160.342375;15.03700661;91.53098703
16.59775705;15.7994735;160.0900353;14.84331902;92.05968587
17.48741072;16.66638722;160.1469536;14.55334377;92.19186059
18.60688985;17.84119004;160.3259851;14.28047958;91.66316174
19.51346169;18.89716391;161.0434259;13.83978273;91.00228819
19.61571335;19.2548451;161.73043;13.53588529;90.60576406
18.45482794;18.4205609;162.3913282;13.30018556;90.87011348
16.73018059;16.99091694;162.8426929;13.18179536;91.53098703
15.39132895;15.6830447;162.9050312;13.12386037;92.45621001
14.65743203;14.89281711;162.4977117;13.22706971;93.31534562
14.49346731;14.57619711;162.5683762;13.43670712;94.17448124
14.20389169;14.15420201;164.2917694;13.91790032;95.29796628
13.44072265;13.34147265;168.1160478;14.61808698;96.61971339
12.5885094;12.53818176;173.0838027;15.14300819;98.0736352
11.94193354;12.05577899;177.3164704;15.27151499;99.46146966
11.79188459;12.06564959;179.2959277;14.98705243;100.5188673
11.93451582;12.29494567;179.5842584;14.4411159;101.1797409
12.30674817;12.67139954;179.2111551;13.92170174;101.6423524
12.72005866;12.98626981;179.0174524;13.59883023;101.7084397
13.10272349;13.21705715;178.7344459;13.43123615;101.576265
13.40769139;13.32437203;178.2712324;13.29386544;101.2458283
13.5111551;13.23884436;177.464835;13.20844702;100.8493041
13.38820008;12.98409496;176.3375568;13.23797229;100.5188673
13.09255516;12.66612438;174.8487188;13.33532384;100.5188673
12.80366967;12.46312969;173.2274107;13.7165086;100.8493041
12.52183791;12.33853006;171.317533;14.05911524;101.378003
12.29838222;12.28073287;169.6169905;14.25946855;101.7745271
12.3932315;12.50624371;168.2577501;14.30630948;101.7084397
12.60117742;12.76626891;166.8444875;14.11822886;101.4440903
12.83743218;13.04588087;165.6280479;13.83381275;100.9153915
13.10091308;13.34381445;164.56719;13.68106274;100.3866926
13.42698291;13.66142652;163.6902575;13.67034721;99.92408115
13.77582562;13.98803493;162.9465279;13.59374687;99.32929495
14.23165728;14.39563177;162.5252257;13.67369027;98.60233405
14.67570024;14.75117348;162.1597367;13.75533253;97.87537314
15.15599732;15.17884442;161.9271783;13.85010958;97.14841223
15.55852754;15.53419674;161.7413316;14.05295299;96.7518881
15.80974808;15.75375488;161.3727027;14.26582599;96.35536397
15.74092298;15.71361502;161.390206;14.37770583;96.22318926
15.55663247;15.53601041;161.5399953;14.48974079;96.1571019
15.35318797;15.37040602;162.0205831;14.60869832;96.02492719
15.27426469;15.3614;162.1043122;14.47269624;95.69449041
15.6219931;15.76082818;162.0597251;14.30839575;95.03361686
16.19289223;16.35990651;161.8758106;14.02187248;94.2405686
16.86635972;17.10716375;161.5902399;13.52581896;93.44752034
17.40849448;17.68265744;161.6144167;12.955842;92.91882149
17.58454287;17.9397222;161.687531;12.4971609;92.58838472
17.20754488;17.70148127;162.0640824;12.24704097;92.45621001
16.2776253;16.90270975;162.6932795;12.41420322;92.45621001
14.95821752;15.68752129;163.199674;12.84791212;92.58838472
13.77610596;14.50068547;163.2723556;13.24766844;93.0509962
13.08629025;13.64904128;162.8625865;13.30079455;93.71186976
12.73160899;13.10659634;162.938514;13.28105709;94.70318009
12.55296539;12.74201492;164.4216637;13.45300867;96.02492719
12.71194987;12.79968417;167.9333256;13.96185537;97.61102372
12.81151457;12.9864328;172.8450056;14.53986209;98.99885818
12.93690767;13.24712555;177.5911432;15.13115151;100.0562559
12.62353654;13.01604518;179.3089438;15.42183698;100.5849547
12.20308795;12.60359718;177.5785888;15.5872729;100.5849547
12.02969832;12.39182911;176.0855621;15.68992281;100.45278
12.17986586;12.53857066;175.1319696;15.79305471;100.3866926
12.49262952;12.84284241;175.0904725;15.71670653;100.5849547
12.4904397;12.81005491;176.2765017;15.44067305;101.1797409
11.96713097;12.23809202;179.7212181;14.99599529;102.3032259
11.38076409;11.62042975;176.0851912;14.49694189;103.4927983
11.24746105;11.4899178;172.2501919;14.2566604;104.0875845
11.76596999;11.9948363;169.4764704;14.34923674;103.8893225
12.76077685;12.95949672;167.8263794;14.67704436;103.0301868
13.67666021;13.82458994;166.6705903;14.8535821;101.9067018
14.05115166;14.21231654;165.92168;14.70311621;100.9814788
14.09105791;14.2797265;165.5761356;14.5139456;100.2545179
14.0872427;14.29716731;164.9893707;14.22091978;99.79190644
14.08531376;14.27630723;164.3059114;14.20622683;99.46146966
14.25056664;14.39201784;163.4662643;14.37341622;99.2632076
14.47873667;14.5751646;163.058619;14.53390809;98.99885818
14.81505806;14.90164915;163.1264518;14.57405847;98.60233405
15.1368497;15.25126896;163.4843921;14.55080886;98.00754785
15.46460372;15.62789944;163.8887244;14.6046212;97.3466743
15.72838751;15.9315547;163.9214058;14.60940189;96.81797545
16.04556232;16.22577506;163.747454;14.76669379;96.28927661
16.28899829;16.43939049;163.642169;14.9832816;95.95883984
16.5182451;16.64436025;163.352211;14.99158968;95.76057777
16.67896494;16.78412482;163.235572;15.06938586;95.5623157
16.76916882;16.85875206;163.2719637;15.07511251;95.43014099
16.69790611;16.79344325;163.2876081;15.00670568;95.43014099
16.46439483;16.60752011;163.4289682;14.98616892;95.49622835
16.3306471;16.47715051;163.7183079;14.96168816;95.69449041
16.12586128;16.27169117;163.6068427;14.87775278;95.82666512
16.09114504;16.19676722;163.3022526;14.85845417;95.95883984
16.10008529;16.21669531;163.058105;14.76093681;96.02492719
16.15323432;16.30278552;162.762419;14.49880392;95.89275248
16.17853884;16.38974947;162.5116436;14.23068733;95.82666512
16.30159558;16.55418695;162.5267307;14.15387852;95.76057777
16.36400821;16.61922371;162.4380582;14.1466958;95.82666512
16.44474613;16.68428398;162.6190358;14.40559468;95.89275248
16.56948793;16.81426331;162.8113105;14.59642724;95.95883984
16.71335063;16.93286601;162.8847879;14.66569319;96.02492719
16.88061168;17.13928171;162.9731684;14.64939805;96.09101455
16.94271032;17.20445765;162.769437;14.70535121;96.1571019
16.89017782;17.1284622;162.477351;14.62041065;96.35536397
16.79502735;16.98765568;161.8136862;14.48268865;96.42145132
17.02096999;17.20530692;161.4912095;14.33428311;96.35536397
17.67568866;17.86082384;161.0808303;14.00273265;95.89275248
18.37313104;18.59870734;161.1170553;13.55047026;95.29796628
18.72449899;19.11490306;161.404895;13.16124777;94.63709273
18.34780078;18.97219854;161.8961198;12.73738126;93.97621918
17.45816874;18.40794088;162.6136417;12.43666616;93.6457824
16.59153837;17.83902656;163.1283416;12.26299375;93.6457824
16.04995349;17.34820498;163.2025835;12.138608;94.17448124
15.60092588;16.76384548;163.1036098;12.14057291;95.09970422
15.06857189;16.06452492;163.0824206;12.33155951;96.09101455
14.00878542;14.79289436;162.8281856;12.31281452;97.21449959
12.96506835;13.56693278;163.2042272;12.43918436;98.27189727
12.19689765;12.66602435;164.0272529;12.51021392;99.2632076
12.06705179;12.41379858;165.5220736;12.47695166;100.2545179
12.38123017;12.72536377;167.5772142;12.50729388;101.1136535
12.64026444;13.00286806;169.687373;12.59606488;101.9067018
12.70616162;13.16809573;171.4769101;12.85481354;102.6997501
12.57652653;13.13519519;172.4939748;13.22336858;103.426711
12.59210064;13.22979749;172.2353793;13.36958679;103.9554098
12.89793124;13.5712955;170.5665144;13.28563148;104.351934
13.33757141;14.01131917;168.2384959;13.13690999;104.4841087
13.57803177;14.25358097;166.0185544;12.98735699;104.4180213
13.5841804;14.24960816;164.7173717;13.01063855;103.9554098
13.49056471;14.14701195;164.1472818;13.13925021;103.3606236
13.36871655;13.99818623;163.9061924;13.17171716;102.6336627
13.44070595;14.05606801;163.6659555;13.08714935;101.8406145
13.74348296;14.31908263;163.4812214;13.00303277;101.2458283
13.96043742;14.51565597;163.0854085;12.84808532;100.6510421
14.19058022;14.7139897;162.5608503;12.79149887;100.1884306
14.27680049;14.78507498;161.8939059;12.71759404;99.8579938
14.28827136;14.80138302;161.4850856;12.77471381;99.39538231
14.2768323;14.84543432;160.8283465;12.64270663;98.6684214
14.27761029;14.90441968;160.6115908;12.64396446;98.00754785
14.34154775;15.03633464;160.365255;12.72136828;97.3466743
14.57957602;15.27566664;160.240866;12.79764848;96.95015016
14.70466463;15.35256929;160.1756846;13.01438141;96.68580074
14.79726;15.42961942;160.1756846;13.21037903;96.61971339
14.79726;15.42998884;160.0819046;13.19357567;96.7518881
14.57743712;15.24780874;160.1986067;13.23250913;96.88406281
14.44353494;15.13111515;160.2215039;13.28893155;96.88406281
14.47463795;15.14438607;160.1927489;13.36044832;96.7518881
14.52400692;15.14484038;160.0111358;13.43954198;96.61971339
14.741169;15.36559671;160.0628432;13.63533494;96.48753868
15.08324467;15.71604721;159.9421543;13.69475582;96.42145132
15.40075637;16.03962613;159.9872417;13.75819512;96.48753868
15.65499352;16.31202984;159.9959314;13.88506181;96.48753868
15.73486703;16.36399201;160.0249201;13.9606276;96.48753868
15.80525684;16.41630656;160.0174754;14.0340324;96.48753868
15.67414548;16.27451331;160.0815796;14.10614482;96.48753868
15.62027334;16.21014616;160.1056279;13.98489129;96.42145132
15.47713999;16.10698373;160.1004226;13.98321159;96.28927661
15.4155608;16.04273233;160.1159839;13.98321159;96.28927661
15.44202369;16.04315165;160.2231032;13.98366533;96.28927661
15.53987143;16.10824675;160.351615;14.11633212;96.28927661
15.5609876;16.08266518;160.4440182;14.31071263;96.42145132
15.57122129;16.07047614;160.33639;14.31071263;96.48753868
15.49216545;16.00606293;160.3073949;14.23429115;96.55362603
15.54510344;16.08395467;160.3513524;14.29205527;96.55362603
15.65904379;16.23981996;160.3588193;14.28296533;96.48753868
15.913736;16.5256474;160.3720783;14.27574073;96.42145132
16.10690543;16.74726815;160.2559386;14.33151703;96.35536397
16.24714741;16.89081353;160.0237248;14.20226687;96.28927661
16.32661327;16.95591874;159.6462286;14.13737242;96.28927661
16.34524675;16.94270468;159.2241756;14.14266814;96.28927661
16.3626608;16.95701703;159.0619328;14.14215347;96.22318926
16.30949169;16.87918032;158.9096636;14.14927917;96.22318926
16.38137462;16.94433517;159.028088;14.15693459;96.1571019
16.48119384;17.02320492;159.0016562;14.03551754;96.02492719
16.57349505;17.10221709;159.0905415;13.90378377;95.95883984
16.66609351;17.16728817;159.1713996;13.91244497;95.89275248
16.69504591;17.18189388;159.1078279;13.85456703;95.76057777
16.76738834;17.24690626;159.0272116;13.85964346;95.69449041
16.78782463;17.24739354;158.8104401;13.91896546;95.69449041
16.73575898;17.1833744;158.6032444;13.922084;95.62840306
16.65428232;17.10520192;158.2700762;13.77396249;95.76057777
16.58332667;17.04117434;158.3585184;13.83560282;95.76057777
16.52107096;16.97716067;158.4385791;13.84138546;95.69449041
16.42350818;16.84861796;158.5295684;13.86004252;95.5623157
16.3788992;16.77039747;158.7807819;13.94476204;95.49622835
16.32499504;16.70627069;158.6570313;13.8158655;95.49622835
16.42359798;16.74364114;158.4805391;13.83540884;95.49622835
16.51345926;16.78219104;158.5181514;13.85500578;95.49622835
16.59491069;16.84733141;158.4208024;13.99457194;95.43014099
16.66788912;16.92549998;158.4023993;14.26983043;95.23187893
16.64907737;16.92579792;158.4283747;14.47423397;95.16579157
16.63998057;16.93935935;158.3318547;14.4833485;95.03361686
16.63998057;16.93961959;158.0752698;14.40655617;95.09970422
16.63998057;16.93990533;158.0927699;14.40655617;95.09970422
16.73192994;17.01838952;157.960457;14.28269391;94.96752951
16.82355321;17.08334201;158.0919774;14.29183451;94.90144215
16.83343648;17.08359713;158.0553152;14.28994902;94.90144215
16.82355321;17.08385775;158.1010668;14.36718646;94.8353548
16.77898601;17.00593283;158.0479937;14.51564127;94.76926744
16.8411306;17.05768355;158.0855198;14.60315629;94.70318009
16.85107006;17.0710228;158.0855198;14.60211951;94.63709273
17.00525177;17.18759623;158.2552404;14.61567735;94.63709273
17.0875044;17.2525399;158.2470661;14.55920976;94.57100537
17.15983386;17.31747377;158.1337527;14.48328071;94.63709273
17.21258745;17.38243946;157.9056963;14.41494398;94.63709273
17.25585646;17.44742078;157.8286636;14.42466242;94.57100537
17.4350466;17.65487776;157.8613848;14.48814811;94.57100537
17.48743406;17.70713736;157.9622698;14.56986563;94.57100537
17.61293449;17.83702537;158.0630236;14.58694353;94.50491802
17.61293449;17.83708959;158.2371425;14.58899136;94.50491802
17.63191437;17.82477614;158.3485225;14.59840341;94.50491802
17.57915731;17.75986718;158.4391882;14.471766;94.43883066
17.58082221;17.78496195;158.418791;14.46806545;94.30665595
17.62513141;17.87576905;158.4433985;14.3927498;94.2405686
17.56347427;17.82441884;158.5163467;14.33397727;94.10839389
17.50093791;17.7597466;158.4793969;14.33361598;94.10839389
17.33185355;17.55217429;158.4135579;14.34074875;94.10839389
17.27749647;17.46098376;158.3845557;14.35022577;94.17448124
17.41318358;17.5906189;158.3203237;14.35228496;94.17448124
17.47594727;17.65544919;158.272616;14.35433876;94.17448124
17.59160349;17.78513122;158.3096008;14.29031871;94.17448124
17.61154958;17.78512307;158.3178294;14.29358071;94.10839389
17.48717743;17.66839425;158.2889597;14.29832304;93.97621918
17.49734243;17.66834659;158.3895787;14.29709737;93.97621918
17.56257012;17.75967657;158.4056902;14.36328622;93.84404447
17.71168242;17.91637571;158.4059739;14.47816048;93.84404447
17.84777928;18.04563208;158.4059739;14.54530995;93.84404447
17.82900685;18.05954375;158.5148314;14.60197874;93.84404447
17.90074211;18.11029351;158.5704073;14.60931261;93.84404447
17.87883476;18.09665997;158.5492108;14.60617008;93.91013182
17.87883476;18.09666651;158.6653651;14.60721655;93.91013182
17.86838356;18.09667308;158.636662;14.52968048;93.97621918
17.84814192;18.09670794;158.5924643;14.45120868;94.04230653
17.78709527;18.04575997;158.4957546;14.4369896;94.04230653
17.72601165;17.99518629;158.5527054;14.49148797;94.04230653
17.64337675;17.93073607;158.362147;14.48682842;94.04230653
17.67387928;17.93087194;158.1066317;14.68267279;94.04230653
17.68431942;17.9310136;157.8671725;14.81217857;94.04230653
17.69471495;17.93116111;157.8671725;14.87873344;94.04230653
17.70506573;17.93130921;157.7207324;14.95195831;93.97621918
17.69716018;17.94568902;157.7852079;14.94975685;93.91013182
17.75820569;17.99615524;158.0077954;14.97001845;93.84404447
17.74013673;18.01043884;158.000014;14.96040211;93.84404447
17.7199733;18.01054821;158.1384279;14.96245694;93.84404447
17.7199733;18.01065264;158.2769096;14.96465139;93.84404447
17.66720839;17.94622315;158.4154585;15.03291811;93.84404447
17.54313154;17.83187965;158.3786256;14.9000404;93.77795711
17.47000222;17.76753709;158.5172304;14.90221986;93.77795711
17.4794559;17.76763109;158.5172304;14.90324082;93.77795711
17.54221154;17.83216799;158.5384988;14.90439379;93.77795711
17.52229363;17.83225775;158.5384988;14.83772414;93.77795711
17.58494655;17.89680318;158.4365501;14.83772414;93.77795711
17.58494655;17.89689401;158.4439503;14.84800594;93.71186976
17.60324378;17.88242713;158.5373596;14.85756706;93.71186976
17.60324378;17.88247086;158.4059994;14.99707292;93.6457824
17.60324378;17.88249628;158.369099;15.1262405;93.6457824
17.60324378;17.88252727;158.369099;15.19228892;93.6457824
17.62326454;17.8825584;158.2306694;15.25680589;93.6457824
17.62326454;17.88259515;158.0923068;15.18953279;93.6457824
17.60324378;17.88263758;158.0923068;15.12250226;93.6457824
17.54052811;17.81817085;158.0923068;15.12178144;93.6457824
17.47777246;17.75371573;158.1779186;15.12178144;93.6457824
17.32214428;17.62479835;158.3165133;15.123437;93.6457824
17.10429242;17.44639687;158.4395994;15.12580786;93.57969505
16.95798346;17.31770211;158.4395994;15.19185817;93.57969505
16.73849914;17.12474349;158.5714469;15.18430812;93.6457824
16.6102737;16.98089451;158.5714469;15.31634309;93.71186976
16.47315028;16.82218158;158.330261;15.44611293;93.84404447
16.40916254;16.72858004;158.3386686;15.56810964;94.04230653
16.39970134;16.74314988;158.2818286;15.69210569;94.04230653
16.49123536;16.80772381;158.5102696;15.89697855;94.04230653
16.49123536;16.807804;158.5471454;15.96524985;94.04230653
16.48161468;16.82256416;158.5922829;16.02321703;94.04230653
16.39001503;16.75823479;158.555419;16.0207724;94.04230653
16.33517657;16.67912502;158.5471454;15.96524985;94.04230653
16.28056347;16.61474609;158.4159988;15.97321875;93.97621918
16.23576633;16.53569913;158.2691115;15.98118567;93.97621918
16.1906558;16.44257016;158.2607607;15.99148578;94.04230653
16.11757496;16.36398447;158.2607607;16.05756517;94.10839389
16.02653857;16.28555606;158.2607607;16.12405079;94.17448124
16.00843744;16.2720141;158.2607607;16.1247278;94.2405686
15.87286964;16.14258816;158.0774402;16.10895922;94.30665595
15.8453238;16.15630537;157.9472494;15.96499232;94.30665595
15.87286964;16.14271634;157.8857357;15.819887;94.43883066
15.9453959;16.22115275;158.0165619;15.81204367;94.43883066
16.23502439;16.48004399;158.2004399;15.76088951;94.37274331
16.39864772;16.59629397;158.47029;15.77562129;94.37274331
16.55275328;16.71301129;158.4853171;15.7959628;94.30665595
16.64325621;16.75286025;158.2516913;15.82494975;94.2405686
16.65200962;16.74067013;158.0762953;15.81961179;94.30665595
16.63372444;16.75276386;157.9464083;15.87280304;94.30665595
16.54362389;16.71291512;157.7634566;15.90334738;94.37274331
16.43506901;16.67436542;157.8739288;15.80699473;94.43883066
16.34514092;16.63711218;157.8455931;15.79453021;94.37274331
16.27252624;16.57266004;157.8536655;15.80466738;94.30665595
16.27206665;16.55895627;157.9547495;15.82484239;94.2405686
16.27206665;16.55905762;157.9624976;15.9009968;94.17448124
16.19954271;16.49446605;157.9462746;15.90154434;94.17448124
16.20911282;16.49454366;158.0847224;15.9045795;94.17448124
16.1461197;16.42995785;158.0847224;15.97151768;94.17448124
16.08308741;16.36538345;158.1704534;16.0374977;94.17448124
15.99210304;16.28700389;158.272346;15.9705634;94.2405686
15.99210304;16.28707636;158.2196925;15.96820288;94.2405686
16.0365901;16.33833902;158.306132;15.90113369;94.30665595
16.09058123;16.4031735;158.5253813;15.82717871;94.37274331
16.10874871;16.403272;158.6213386;15.81714905;94.43883066
16.11800129;16.40339548;158.97592;15.87518725;94.50491802
16.05505761;16.33878155;159.2276036;15.86731973;94.57100537
15.98335512;16.28775743;159.3451605;15.93356618;94.50491802
15.84812315;16.15856724;159.1828212;15.99471663;94.50491802
15.84812315;16.15874017;159.1887045;16.0049853;94.43883066
15.8660493;16.15888947;159.1945258;16.08116881;94.37274331
15.93793399;16.21007214;159.2971325;16.14666733;94.43883066
15.99207523;16.27493713;159.2971325;16.14666733;94.43883066
16.00121036;16.27506472;159.1492613;16.22166957;94.37274331
15.92075621;16.22404971;159.1066837;16.27566938;94.37274331
15.92987709;16.22418949;159.1124494;16.22141234;94.30665595
16.01176308;16.30280978;159.1691381;16.16706804;94.17448124
16.10317908;16.38155837;159.1888023;16.11050981;94.04230653
16.20306944;16.44622025;159.3244237;16.00075361;93.91013182
16.16711315;16.38162501;159.2619219;16.09626784;93.71186976
16.12135846;16.30289724;159.1759438;16.18993701;93.57969505
15.99434912;16.17351789;159.079476;16.26457424;93.51360769
15.97685233;16.1875626;158.9354457;16.2533679;93.51360769
15.99748068;16.29593994;158.7209279;16.2194957;93.51360769
16.03479228;16.37540256;158.7693629;16.12664971;93.6457824
16.02822477;16.40638583;158.6478734;16.16943652;93.6457824
16.06368781;16.39088568;158.7497899;16.1656688;93.71186976
16.07226961;16.37563797;158.8573543;16.24378579;93.71186976
16.00784367;16.29621575;158.8228181;16.40688433;93.57969505
16.00562965;16.26667601;158.7062735;16.45152324;93.44752034
16.01249076;16.23806279;158.7080001;16.48622394;93.38143298
16.0136824;16.25201984;158.7219553;16.48622394;93.31534562
16.16144955;16.40980567;158.7942559;16.52558462;93.38143298
16.23709079;16.50387723;158.792194;16.42220785;93.44752034
16.24891253;16.53454652;158.4905001;16.32580376;93.44752034
16.2517223;16.56628004;158.1866217;16.29547673;93.44752034
16.25031562;16.55040395;158.1410994;16.23652518;93.44752034
16.17576294;16.47050794;158.240253;16.25672806;93.38143298
16.00968593;16.31101546;158.4325592;16.27514942;93.38143298
15.92557573;16.21649881;158.8201587;16.30181341;93.38143298
15.85307061;16.15198087;158.962896;16.38047397;93.31534562
15.79964895;16.10252092;158.958104;16.36951027;93.31534562
15.6542566;15.97375714;159.0409847;16.35896252;93.38143298
15.50959392;15.86066133;158.754158;16.39889597;93.44752034
15.49886889;15.82975605;158.6102809;16.31976809;93.6457824
15.43486266;15.75031936;158.5734682;16.31725732;93.71186976
15.35400775;15.68596276;158.4600667;16.40185812;93.57969505
15.42570425;15.73548918;158.6135087;16.36996683;93.44752034
15.37125762;15.67094179;158.6184993;16.44683831;93.38143298
15.32607643;15.62136309;158.6084577;16.55811961;93.44752034
15.32773291;15.65205087;158.5788132;16.59229475;93.51360769
15.27242375;15.58782492;158.6647896;16.62633481;93.71186976
15.21696664;15.52369274;158.6173109;16.66835937;93.84404447
15.08956943;15.39544545;158.5669633;16.71825262;93.91013182
15.09796327;15.37986082;158.6745189;16.72895686;93.91013182
15.08147048;15.39579015;158.5496931;16.72650007;93.84404447
15.09796327;15.38018732;158.4583169;16.74793872;93.77795711
15.08073145;15.38030285;158.4583169;16.68200298;93.77795711
15.02516712;15.31617725;158.4583169;16.68200298;93.77795711
14.92265456;15.18785756;158.5599803;16.74793872;93.77795711
14.8496699;15.12377965;158.5599803;16.74780893;93.77795711
14.76018411;15.07582438;158.5688674;16.73721273;93.77795711
14.68719732;15.01187416;158.5688674;16.73721273;93.77795711
14.67017768;14.99584111;158.5599803;16.6823939;93.77795711
14.58076431;14.93181296;158.5599803;16.68304541;93.77795711
14.44420102;14.78758299;158.5282987;16.62609829;93.77795711
14.44410909;14.77185052;158.5143482;16.4941785;93.84404447
14.42778525;14.787778;158.5232689;16.48268907;93.84404447
14.55654927;14.93225241;158.6705805;16.4736387;93.84404447
14.60358555;14.99654598;158.7072812;16.34424903;93.84404447
14.57833134;15.01286319;158.6004216;16.26805594;93.84404447
14.58573429;14.99685495;158.62828;16.21615016;93.84404447
14.49688716;14.93284146;158.62828;16.08433123;93.84404447
14.49688716;14.94922398;158.4897273;16.08279276;93.77795711
14.56950535;15.0466228;158.3512364;16.01441792;93.6457824
14.6421233;15.11073369;158.3512364;16.01441792;93.6457824
14.65872016;15.11088701;158.212808;16.07780754;93.6457824
14.65835201;15.07801366;158.0596829;16.07436139;93.77795711
14.59467829;14.99790205;158.0537906;16.12990584;93.91013182
14.53871887;14.93394259;158.1558327;16.13084619;93.91013182
14.47512641;14.86999993;158.360073;16.13084619;93.91013182
14.4675889;14.87019536;158.4763701;16.13084619;93.91013182
14.54002278;14.93453141;158.4763701;16.19666887;93.91013182
14.6046827;14.99888767;158.4763701;16.19506336;93.91013182
14.6598154;15.04742736;158.360073;16.12869674;93.97621918
14.65112497;15.04762966;158.2523272;16.05259684;94.04230653
14.58765794;14.9836153;158.2011445;15.98445589;94.04230653
14.59514586;14.96822373;158.2173867;15.77935189;94.17448124
14.67528802;15.03279831;158.1234604;15.63841827;94.2405686
14.69197031;15.03308898;158.3688843;15.49032062;94.37274331
14.69197031;15.03343045;158.4287857;15.41820853;94.43883066
14.61087861;14.96947652;158.5968044;15.35497403;94.43883066
14.5384445;14.8901095;158.7447214;15.41309881;94.57100537
14.43346242;14.82613305;158.7899878;15.47018571;94.63709273
14.34517204;14.76219257;158.6818376;15.59132708;94.70318009
14.32889729;14.77817984;158.5222975;15.64543818;94.70318009
14.32137355;14.77864778;158.516417;15.70088637;94.76926744
14.39335314;14.85919648;158.4740467;15.68852003;94.76926744
14.4653325;14.92396778;158.4680603;15.61324451;94.8353548
14.49011923;14.90883916;158.5571436;15.54697501;94.90144215
14.49011923;14.90941564;158.5876065;15.53877281;94.96752951
14.48132535;14.89459135;158.6179727;15.40074887;95.09970422
14.53677021;14.95961058;158.6690249;15.33738853;95.09970422
14.53677021;14.96023694;158.6750209;15.3471352;95.03361686
14.6254631;15.04054728;158.5920005;15.35800618;94.90144215
14.63362321;15.02582966;158.5469099;15.36545538;94.90144215
14.63362321;15.02638907;158.5469099;15.36545538;94.90144215
14.62552483;15.02695193;158.5469099;15.43082966;94.90144215
14.61675026;15.01249635;158.5408798;15.42032894;95.03361686
14.61675026;15.01309518;158.4008708;15.41799578;95.03361686
14.56107671;14.93440213;158.2522188;15.42545638;95.03361686
14.57705347;14.92045851;158.2434997;15.37056451;95.03361686
14.53794521;14.84209524;158.0948256;15.37897351;95.03361686
14.48268095;14.77797318;157.9482407;15.30426767;95.09970422
14.49880011;14.76445519;157.9327036;15.23890788;95.16579157
14.5153155;14.7650351;157.7925488;15.30373802;95.16579157
14.52339928;14.76562584;157.7994735;15.44243577;95.09970422
14.57865605;14.83092332;157.7994735;15.44091173;95.09970422
14.64239285;14.89624241;157.8359099;15.44203362;95.09970422
14.73097291;14.96157567;157.8723574;15.37897351;95.09970422
14.73034235;14.94850931;157.9671512;15.25685056;95.09970422
14.6585479;14.88422256;158.1895477;15.25685056;95.09970422
14.65908839;14.89845983;158.2714957;15.18905373;95.03361686
14.57059704;14.83425301;158.3895477;15.18834833;95.03361686
14.4995217;14.79854125;158.3764851;15.242472;94.96752951
14.42781509;14.74925235;158.0976068;15.23876049;94.90144215
14.35574565;14.68532659;157.8489257;15.2267324;94.96752951
14.29200886;14.62145251;157.4673325;15.28634929;94.96752951
14.30030574;14.62211986;157.3120502;15.28397242;94.96752951
14.22030606;14.55828348;157.2090859;15.21796634;94.96752951
14.16442811;14.49446117;157.2090859;15.21866706;94.96752951
14.10040333;14.41558926;157.487778;15.2896978;95.03361686
14.08436949;14.41625736;157.6202881;15.21707136;95.09970422
14.08436949;14.41695308;157.723606;15.21707136;95.09970422
14.14016987;14.4822201;157.7324445;15.27169496;95.16579157
14.20385341;14.54754452;157.6961182;15.26864087;95.16579157
14.21238445;14.56323365;157.6686736;15.32249791;95.16579157
14.18897604;14.49950825;157.5804567;15.38512595;95.16579157
14.1969972;14.50032559;157.5804567;15.38664448;95.16579157
14.19772145;14.51643865;157.4247934;15.45118158;95.09970422
14.18960977;14.51727589;157.388545;15.38364301;95.09970422
14.16584409;14.53370483;157.388545;15.3185155;95.03361686
14.11030384;14.48610672;157.2557898;15.39303993;94.90144215
14.11030384;14.48694349;157.3592327;15.39096935;94.90144215
14.12595638;14.47184934;157.3502429;15.40071371;94.90144215
14.1264125;14.48860252;157.1944453;15.3964975;94.8353548
14.19875215;14.55376756;156.9346025;15.39407174;94.8353548
14.25543789;14.63505398;156.9346025;15.39255248;94.76926744
14.25607804;14.65227827;156.7947254;15.45530475;94.70318009
14.24046038;14.66980033;156.8037798;15.44429816;94.70318009
14.25607804;14.65406491;156.9436353;15.38157705;94.76926744
14.19985097;14.5907474;156.9436353;15.38157705;94.76926744
14.1425573;14.49470243;157.090878;15.32852574;94.8353548
14.16659196;14.47963009;157.3253384;15.27538711;94.8353548
14.16659196;14.48046711;157.2890481;15.20675291;94.8353548
14.24802904;14.56163528;157.3994175;15.21638905;94.70318009
14.31243674;14.62685501;157.363117;15.14799684;94.70318009
14.4096741;14.69211401;157.1937859;15.21879689;94.63709273
14.35363042;14.62853814;157.0179616;15.21394344;94.63709273
14.42613554;14.69381715;157.1937859;15.28410281;94.63709273
14.451312;14.79129932;157.4174744;15.32755451;94.70318009
14.56513111;14.95392637;157.7568638;15.38388341;94.70318009
14.58809713;15.03599613;158.1277653;15.43808387;94.76926744
14.59030554;15.07157213;158.2555611;15.55944703;94.70318009
14.54203811;14.99117537;158.1890567;15.56450282;94.70318009
14.49363673;14.9109024;158.1224461;15.56953051;94.70318009
14.44510089;14.83075583;158.0262878;15.57453002;94.70318009
14.44510089;14.83179836;157.9900507;15.50599925;94.70318009
14.44399528;14.81605509;157.9810723;15.44994091;94.70318009
14.43544651;14.81708548;158.0015245;15.45930977;94.63709273
14.55538038;14.94668813;157.9876747;15.51714509;94.70318009
14.61929769;15.01206649;158.0386096;15.45436252;94.70318009
14.63605304;15.01311626;158.0386096;15.45477522;94.70318009
14.64466859;15.01417416;157.9729571;15.45304848;94.70318009
14.56393645;14.95090362;157.9581864;15.38882302;94.70318009
14.56393645;14.95198262;157.8097633;15.39891784;94.63709273
14.42854445;14.84119924;157.5220059;15.40561415;94.50491802
14.42744164;14.82542739;157.5129501;15.41744709;94.50491802
14.35594166;14.77901784;157.3736501;15.48258885;94.43883066
14.30730387;14.69886069;157.3282623;15.48993758;94.43883066
14.30730387;14.69986077;157.2253071;15.42730044;94.43883066
14.30730387;14.70086883;157.2253071;15.43020336;94.43883066
14.31578358;14.70188497;157.1291424;15.43998341;94.37274331
14.31578358;14.70287182;157.1291424;15.37789616;94.37274331
14.31578358;14.70386664;157.0994775;15.38199588;94.30665595
14.31578358;14.70484126;157.0789013;15.37953382;94.30665595
14.31578358;14.70583338;157.1812616;15.37661581;94.30665595
14.29878713;14.70683361;157.1748743;15.36979249;94.37274331
14.15356965;14.57927178;157.2711943;15.42528248;94.43883066
14.12820866;14.56351569;157.3887479;15.4150816;94.57100537
14.11973101;14.56463607;157.3887479;15.4150816;94.57100537
14.07184724;14.50140169;157.4767528;15.48028292;94.57100537
14.07967282;14.4859026;157.4676209;15.48747033;94.57100537
14.00724311;14.42257762;157.4737205;15.49728356;94.50491802
13.93481201;14.35923277;157.4737205;15.43198854;94.50491802
13.84656309;14.29590662;157.4737205;15.29902773;94.50491802
13.77449573;14.24953846;157.3796161;15.29171051;94.50491802
13.75935444;14.28541093;157.2855555;15.27966423;94.43883066
13.75935444;14.28658431;157.3373726;15.2168636;94.43883066
13.76641574;14.28775801;157.1382642;15.1636213;94.37274331
13.87038078;14.33563152;157.1878931;15.18795038;94.30665595
13.88596853;14.31954264;157.0764655;15.12951707;94.30665595
13.9018684;14.32058096;156.9742182;15.19251756;94.30665595
13.77182927;14.15920261;156.9650832;15.20005128;94.37274331
13.77182927;14.16020778;157.1037276;15.19908691;94.37274331
13.69069814;14.09674579;157.0878062;15.26330512;94.37274331
13.66644909;14.11456684;156.9853805;15.26161863;94.30665595
13.65087554;14.11558537;157.1242148;15.26348266;94.30665595
13.65087554;14.11660297;157.1401362;15.32913114;94.30665595
13.65087554;14.11762968;157.192421;15.33198238;94.30665595
13.65087554;14.11865556;157.3466096;15.26888142;94.30665595
13.59373945;14.05528343;157.3686451;15.27859771;94.2405686
13.46365377;13.92753135;157.4400383;15.22030134;94.17448124
13.46365377;13.92848998;157.5931018;15.22271571;94.17448124
13.51201184;14.01108972;157.6536444;15.21614018;94.17448124
13.55144891;14.09389744;157.8368344;15.1456894;94.17448124
13.55144891;14.09493612;157.873312;15.14905616;94.17448124
13.49331253;14.04959588;157.8584811;15.21461688;94.10839389
13.44355691;13.95089059;157.7240586;15.16965121;94.10839389
13.45885382;13.95185398;157.8382636;15.18171008;94.04230653
13.47334276;13.97043136;157.844215;15.2558614;93.91013182
13.54660235;14.03555946;157.7426327;15.31990699;93.91013182
13.46693358;13.9722161;157.6045273;15.38323578;93.91013182
13.32864301;13.86282561;157.227149;15.4436805;93.84404447
13.2714212;13.78145667;156.9789614;15.45094935;93.84404447
13.14354839;13.63598346;156.8483785;15.45835531;93.84404447
13.07909041;13.57265517;156.8118159;15.45603098;93.84404447
13.08219344;13.55568442;156.8831656;15.52922466;93.84404447
13.06082844;13.55655222;156.9475094;15.46094401;93.84404447
13.02981944;13.59347273;156.8950817;15.52423797;93.71186976
13.0158026;13.65070092;156.8220185;15.58609731;93.51360769
12.951611;13.58779362;156.7303593;15.47152723;93.38143298
12.90206736;13.52485036;156.6765869;15.37219855;93.18317091
12.92583752;13.50637448;156.8436179;15.14095046;93.0509962
12.94947178;13.48808833;156.9701375;15.03521943;92.98490885
12.95774048;13.50763432;156.9483963;15.09511322;92.91882149
12.93659444;13.50824146;156.8995223;15.06886702;92.98490885
12.92181406;13.5089214;156.9668937;14.97423884;93.11708356
12.88992092;13.52897017;157.0542363;14.76275442;93.11708356
13.13827725;13.76648255;157.4946619;14.39482497;93.0509962
13.99402531;14.6314329;158.0482665;14.06448447;92.91882149
15.54638606;16.23515515;158.7572705;13.92250676;92.45621001
17.13631428;17.99454517;159.5561407;13.84827469;91.92751116
18.12616438;19.21011624;160.2891642;13.87295997;91.33272497
18.01114305;19.40310537;160.7729357;13.87872312;90.73793877
17.06897336;18.77624518;161.1284083;13.83771536;90.34141464
15.72565189;17.69812279;161.3024825;13.82939463;90.27532728
14.59397787;16.60175553;161.3861077;13.6500149;90.60576406
13.59137633;15.46162123;161.5601464;13.62527155;91.20055026
12.65455894;14.32114709;161.5627946;13.55043496;91.92751116
11.91813591;13.37687704;161.3687364;13.69023725;92.58838472
11.18336235;12.45915988;161.0625591;13.89739693;93.18317091
10.78663165;11.87249813;161.0116637;14.16579899;93.84404447
10.70313764;11.5238302;161.0432009;14.56778171;94.70318009
10.66747385;11.29874871;161.2987938;14.87867541;95.5623157
10.86468947;11.37453162;161.5983874;15.06589521;96.28927661
10.89500715;11.34844133;161.7672833;15.16846191;96.95015016
11.08248365;11.53889066;161.9532667;15.15681765;97.3466743
11.15321287;11.6024015;162.0855757;15.01023508;97.74319843
11.25511856;11.67381321;162.1138362;14.86983274;98.13972256
11.35246831;11.7478545;162.0000207;14.66260352;98.40407198
11.50537097;11.88786368;161.858116;14.4611996;98.53624669
11.78412359;12.15423496;161.6358094;14.38831055;98.53624669
12.05476095;12.41421316;161.2292366;14.31909433;98.33798462
12.29479198;12.66974435;160.8893977;14.31626949;97.80928578
12.23761573;12.61163594;160.374794;14.39966154;97.01623752
12.24545644;12.64809513;160.1214647;14.35286186;96.1571019
12.23230567;12.72162501;159.7718855;14.36249326;95.29796628
12.18128931;12.7164198;159.5061426;14.3529642;94.8353548
12.31637375;12.89480476;159.382591;14.27437691;94.57100537
12.28386935;12.85489144;159.2441083;14.26265834;94.43883066
12.19910616;12.72421227;158.9555634;14.3383353;94.30665595
12.02958422;12.52823211;158.6961802;14.35769351;94.10839389
11.85226264;12.33227833;158.4750221;14.36079986;94.04230653
11.85682993;12.34602211;158.3369497;14.42548527;93.97621918
11.95369664;12.504777;158.4683484;14.39943437;94.04230653
11.93000989;12.53462635;158.4530534;14.38072152;94.04230653
11.97795236;12.61500997;158.3437023;14.37138287;94.04230653
11.90822524;12.53492227;158.3516262;14.2480362;94.04230653
12.02729959;12.66491085;158.3805754;14.05901313;93.97621918
12.25421051;12.93987288;158.4924173;13.79830138;93.91013182
12.73743721;13.47469963;158.5858918;13.41681301;93.77795711
13.34932887;14.16930607;159.0238711;13.16638054;93.57969505
14.15614998;15.05872365;159.5837722;13.06233122;93.31534562
14.72753248;15.78408231;160.1930621;12.95622527;92.91882149
15.0405953;16.25256506;160.8220007;12.97051927;92.58838472
14.88335439;16.27412647;161.3511857;13.0442042;92.25794794
14.44482731;16.02814306;161.8460912;13.05316985;91.99359852
14.01693201;15.70860689;162.2519989;13.06940253;91.99359852
13.77096638;15.40119061;162.8046772;13.16386657;92.3240353
13.70468182;15.17999179;163.2983207;13.25000048;92.91882149
13.52736413;14.83566488;163.5926577;13.39846103;93.6457824
12.98611903;14.13320595;163.5880167;13.65838154;94.43883066
12.2843257;13.25905874;163.2303523;14.0221746;95.36405364
11.50922892;12.34729375;163.0469354;14.3159623;96.09101455
10.88346113;11.58193813;162.8498323;14.52730369;96.7518881
10.41284173;10.94673166;163.0489221;14.6971639;97.41276165
10.16492757;10.59499431;163.340019;14.83246949;97.94146049
10.51780554;10.87245737;164.1082462;14.99760793;98.60233405
10.991076;11.33728407;164.8041986;14.97988494;99.19712024
11.41407613;11.80600514;165.1405364;14.85842521;99.72581908
11.73142038;12.1553872;164.9742354;14.70445235;99.99016851
11.82645026;12.26513121;164.6116377;14.40013603;100.0562559
11.8286828;12.28450008;163.9056596;14.14089312;100.0562559
11.84195457;12.31358828;163.3615167;14.02727589;99.99016851
11.94298462;12.41871956;162.7591158;14.05167478;99.8579938
12.13434602;12.60642043;162.3449457;13.97271482;99.65973173
12.56987532;12.99999838;162.1351195;13.92682064;99.32929495
12.97278681;13.33079977;161.6511814;13.82037145;98.99885818
13.20317979;13.52430833;161.1853357;13.71326352;98.47015934
13.18104589;13.52563284;160.7364464;13.64511193;97.94146049
13.07487601;13.48033166;160.2281244;13.62916417;97.41276165
12.79277795;13.24485002;159.7490447;13.61433723;97.01623752
12.5552269;12.99291103;159.4932815;13.68774197;96.7518881
12.46795822;12.86783151;159.3714379;13.90433047;96.48753868
12.4283473;12.8093072;159.2147534;14.03969988;96.35536397
12.57212509;12.95769271;159.2808662;14.2346228;96.22318926
12.81334797;13.25732504;159.1977477;14.40135828;96.1571019
12.92699551;13.41906488;159.2295033;14.44885063;96.09101455
12.92667721;13.44085782;159.3650153;14.49789616;96.09101455
12.89751388;13.36511668;159.4750426;14.55793876;96.22318926
12.71932342;13.1796087;159.5053247;14.4660956;96.35536397
12.65255811;13.12634422;159.5362347;14.4388262;96.48753868
12.64251944;13.1393734;159.567782;14.40911813;96.61971339
12.66415746;13.14100311;159.593289;14.45724399;96.7518881
12.73846602;13.19683323;159.6879652;14.5106303;96.88406281
12.73846602;13.19878227;159.5245138;14.5064139;96.88406281
12.83432011;13.25525039;159.5245138;14.57447783;96.95015016
12.91250502;13.32307555;159.4875369;14.63830482;96.95015016
13.06434509;13.44603963;159.3559672;14.64603145;96.95015016
13.07629675;13.45889569;159.3062957;14.70315431;96.95015016
13.13956165;13.52697746;159.431222;14.63658281;96.95015016
13.0617477;13.46341171;159.5086144;14.62292577;97.01623752
13.0129935;13.39997833;159.452463;14.5557146;97.01623752
13.10571559;13.46831325;159.2834368;14.56163316;96.95015016
13.28685558;13.59191068;159.2396409;14.50625743;96.95015016
13.25485481;13.51803942;158.9970014;14.44305394;96.95015016
13.2103322;13.43460247;159.0304728;14.37400111;97.08232487
13.07787107;13.29537343;158.8950527;14.17470765;97.08232487
12.96914819;13.14729155;158.89159;14.10386626;97.21449959
12.8984883;13.08368169;158.955446;14.04184302;97.14841223
12.84657475;13.02914726;158.8080203;13.90363415;97.08232487
12.72474859;12.89945757;158.5653043;13.9036998;97.01623752
12.56533249;12.77941112;158.4736776;13.89501546;96.95015016
12.50109743;12.71609038;158.2747006;13.89090058;96.95015016
12.42149236;12.65284843;158.2011716;14.01808408;96.95015016
12.40535768;12.66596243;158.300182;14.15817644;96.81797545
12.5259233;12.80130203;158.3481726;14.23489974;96.7518881
12.61068352;12.87049047;158.3774113;14.37843348;96.68580074
12.75327928;13.00589544;158.4623022;14.39253613;96.61971339
12.97046711;13.18854061;158.3427405;14.39766603;96.7518881
13.19433375;13.38180476;158.2417683;14.33921915;96.81797545
13.46100022;13.64232188;158.2960085;14.28840686;96.81797545
13.8048779;13.9701526;158.2582058;14.31419634;96.7518881
14.13094518;14.30606374;158.2095799;14.33070598;96.68580074
14.49471528;14.71622305;158.1622358;14.34579592;96.55362603
14.74824115;14.98551381;158.129711;14.43912253;96.42145132
14.84713387;15.12891313;157.980321;14.571954;96.35536397
14.88427477;15.20594827;157.9654392;14.65022983;96.22318926
14.73415735;15.07512188;157.941995;14.65724214;96.1571019
14.60814677;14.94422835;157.8016111;14.65544707;96.1571019
14.54325551;14.88835538;157.778208;14.66319929;96.02492719
14.43318798;14.75753711;157.4393502;14.65850166;96.02492719
14.4568705;14.7600419;157.2920572;14.66727641;95.95883984
14.5126792;14.82912918;157.2412114;14.67867576;95.89275248
14.58469052;14.89814961;157.3159725;14.61591406;95.89275248
14.58661744;14.89222578;157.2063816;14.62545817;95.89275248
14.64983392;14.96126251;157.3982542;14.63864147;95.82666512
14.57217186;14.88873143;157.2513922;14.64534427;95.82666512
14.59045704;14.88314494;157.3840852;14.65780529;95.82666512
14.64425106;14.95969049;157.5685358;14.65485393;95.82666512
14.61059436;14.96990459;157.8414206;14.57475156;95.89275248
14.69000395;15.03919055;157.8646727;14.57184738;95.95883984
14.67998741;15.05021221;157.9909448;14.56150925;95.95883984
14.63333641;14.98644455;158.2112552;14.56875476;95.89275248
14.58361071;14.93123581;157.9818866;14.55197378;95.89275248
14.50979113;14.87673889;157.8085218;14.54360082;95.82666512
14.56447365;14.94686883;157.4980201;14.39502758;95.89275248
14.56358764;14.95070494;157.326228;14.38888024;95.89275248
14.60861574;15.03072348;157.2295638;14.38707452;95.82666512
14.72438571;15.17787186;157.2953486;14.44577696;95.82666512
14.78656284;15.24920773;157.3165825;14.57829592;95.82666512
14.92029462;15.38751114;157.4901358;14.7217869;95.76057777
15.06975677;15.52587918;157.5675578;14.86208355;95.69449041
15.08633771;15.52153786;157.3918414;14.99115319;95.76057777
15.10427169;15.5177514;157.2325225;15.0560183;95.82666512
15.10523094;15.51449728;156.9358742;15.11131214;95.95883984
15.04211019;15.45339147;156.7234805;15.03144257;96.02492719
15.0487144;15.46849784;156.7951114;14.98278782;95.82666512
15.05545388;15.48378591;156.8736656;14.92355375;95.69449041
15.06934088;15.50905315;156.938008;14.92103791;95.5623157
15.05111096;15.53582692;157.0471009;14.91148626;95.49622835
14.99511994;15.48674071;156.8942798;14.96653485;95.49622835
15.01993881;15.49463745;156.9174941;15.02566333;95.5623157
15.10041231;15.57001934;156.9919077;15.09571982;95.5623157
15.19868021;15.63538035;157.1611045;15.11040823;95.5623157
15.27047493;15.70127996;157.1770803;15.11232935;95.62840306
15.23624482;15.70087376;157.2421032;15.04415494;95.69449041
15.21176926;15.70130433;157.3234517;14.91164865;95.76057777
15.35606689;15.83724597;157.4280397;15.05865321;95.76057777
15.65404051;16.11759708;157.7197693;15.41440792;95.69449041
16.01418527;16.46573004;158.0844644;15.69368052;95.69449041
15.84277439;16.4183534;157.8156512;15.23309376;95.95883984
15.03480536;15.91145194;157.4274065;13.99127532;96.42145132
14.06713393;15.05324504;157.0753308;13.48271211;96.68580074
13.60416283;14.20341173;157.9289573;15.62154729;96.02492719
13.99573434;13.57877046;160.8569503;21.9598374;94.17448124
14.8571133;13.26216251;164.5943077;30.05438134;92.19186059
15.29663725;13.12477907;166.8123747;36.25580627;91.20055026
14.7362036;12.96169422;165.744526;37.38259572;92.05968587
13.68689939;12.77994539;162.6468223;35.00339867;94.10839389
12.91903648;12.75227517;159.7680785;31.6106562;95.82666512
12.64924707;12.81252623;158.7307241;29.05856849;96.42145132
12.68358792;12.87861892;158.8091458;27.32966881;96.09101455
12.94846799;13.07767493;159.1746655;26.13167937;95.62840306
13.19433298;13.34134039;159.4702153;24.9686474;95.49622835
13.45536518;13.67119304;159.376155;23.87330063;95.62840306
13.65112094;13.93386395;159.0896519;22.69881855;95.82666512
13.58051688;13.9314254;158.9300714;21.39454989;95.95883984
13.56408699;13.93643963;158.653426;20.19414581;95.89275248
13.45570342;13.80537332;158.2844077;19.41778052;95.82666512
13.19820428;13.54213546;158.092565;19.03722385;95.82666512
13.07486252;13.41630565;157.9648314;19.07155811;95.82666512
13.16444135;13.48711815;157.8175668;19.1231186;95.82666512
13.40180524;13.67884897;158.0494336;18.98516242;95.89275248
13.76737471;14.00495765;158.2637415;18.71215451;95.95883984
14.13256709;14.33102017;158.3747001;18.46483421;95.89275248
14.12383249;14.33038095;158.6191542;18.32754067;95.82666512
14.04214217;14.26158132;158.7697099;18.32612008;95.76057777
14.04867939;14.25804614;158.6816733;18.39230655;95.69449041
13.95588279;14.17801511;158.8109811;18.2878427;95.89275248
14.06111416;14.29892822;158.9978617;18.17443979;96.1571019
14.13386894;14.35550593;158.8394063;18.13867239;96.35536397
14.08517847;14.36183553;158.8271981;18.03538852;96.42145132
14.01360698;14.30202793;158.6922876;18.03401467;96.35536397
14.01937132;14.30917541;158.460893;18.03350512;96.28927661
0;0;0;0;0
0;0;0;0;0
0;0;0;0;0
0;0;0;0;0
0;0;0;0;0
0;0;0;0;0
0;0;0;0;0
0;0;0;0;0
0;0;0;0;0
0;0;0;0;0
0;0;0;0;0
0;0;0;0;0
0;0;0;0;0
0;0;0;0;0
0;0;0;0;0
0;0;0;0;0
0;0;0;0;0
0;0;0;0;0
0;0;0;0;0
0;0;0;0;0
0;0;0;0;0
0;0;0;0;0
0;0;0;0;0
0;0;0;0;0
0;0;0;0;0
0;0;0;0;0
0;0;0;0;0
0;0;0;0;0
0;0;0;0;0
0;0;0;0;0
